user_id,movie_id,user_rating,timestamp
user_1,113,4,1649920878
user_1,38,5,1575430867
user_1,97,5,1555168612
user_1,119,4,1479880807
user_1,86,3,1640634317
user_1,17,3,1640657258
user_1,145,2,1690245324
user_1,77,5,1615510954
user_1,112,4,1686281809
user_1,25,5,1591790110
user_1,8,1,1440212443
user_1,139,5,1530688324
user_1,83,5,1650993705
user_1,42,3,1548905720
user_1,144,3,1473062926
user_1,27,3,1496073122
user_1,87,3,1622621610
user_1,15,4,1676479053
user_1,143,4,1653571194
user_1,101,3,1593603888
user_1,104,4,1437792673
user_1,2,2,1579506315
user_1,141,3,1579968200
user_1,78,4,1492601989
user_2,5,4,1692298185
user_2,32,5,1533594788
user_2,96,3,1566107835
user_2,49,4,1439522298
user_2,86,4,1574240518
user_2,142,1,1604717092
user_2,38,4,1575228198
user_2,2,3,1700981807
user_2,62,2,1670631498
user_2,125,5,1695926198
user_2,69,5,1687329321
user_2,130,5,1688179484
user_2,108,3,1536486115
user_2,77,2,1536146808
user_2,123,5,1511354479
user_2,111,4,1462585748
user_2,132,2,1632431364
user_2,63,4,1559239341
user_3,70,1,1428663842
user_3,48,5,1547752048
user_3,114,3,1563876498
user_3,51,4,1570703656
user_3,149,3,1606888223
user_3,26,4,1510983704
user_3,42,4,1454404182
user_3,125,3,1432226568
user_3,101,5,1475746278
user_3,138,5,1640641780
user_3,84,5,1471147028
user_3,61,5,1693659796
user_3,87,4,1631078486
user_3,16,5,1473958888
user_3,45,2,1663920233
user_3,39,3,1512894947
user_3,10,1,1586053542
user_3,91,4,1673441666
user_3,36,4,1664855711
user_3,142,3,1700587794
user_3,112,5,1499259203
user_3,63,4,1450885550
user_3,78,3,1490104124
user_3,131,4,1641960325
user_4,49,2,1426009677
user_4,19,5,1423899920
user_4,145,2,1539375564
user_4,102,5,1702625323
user_4,41,5,1498722867
user_4,135,3,1608843624
user_4,67,1,1569403881
user_4,77,5,1641330933
user_4,104,5,1526998747
user_4,73,5,1657797242
user_4,6,5,1428757279
user_4,138,2,1453916614
user_4,143,4,1582269939
user_4,113,2,1668943864
user_4,10,5,1523683483
user_4,75,4,1647858885
user_4,29,4,1536348520
user_4,84,2,1464327254
user_4,91,3,1435892562
user_4,38,4,1446965548
user_4,64,5,1515553911
user_4,96,4,1625529795
user_5,16,5,1547401343
user_5,121,4,1568358439
user_5,6,2,1560909531
user_5,59,5,1657493026
user_5,50,5,1458745494
user_5,137,4,1529208528
user_5,95,5,1591634124
user_5,5,4,1457271277
user_5,100,4,1647527477
user_5,82,4,1499889705
user_5,134,1,1604215575
user_5,83,2,1611989736
user_5,14,1,1504301248
user_5,122,4,1686263795
user_5,49,3,1638155169
user_5,138,4,1557572177
user_5,141,5,1636143871
user_5,60,3,1471267101
user_5,69,4,1691918869
user_5,7,5,1612605486
user_5,108,3,1644154374
user_5,74,2,1694831882
user_5,25,3,1695404885
user_5,28,3,1674600639
user_5,76,5,1586226739
user_6,128,5,1689846260
user_6,99,4,1681244030
user_6,135,5,1548062832
user_6,110,5,1684501956
user_6,138,3,1507974421
user_6,106,5,1618100295
user_6,132,4,1690244854
user_6,50,5,1647384338
user_6,3,5,1496538451
user_6,141,3,1659642741
user_6,23,2,1447595394
user_6,49,3,1703478733
user_6,129,4,1634787425
user_6,136,5,1639545260
user_6,63,5,1524120119
user_6,40,1,1466373665
user_7,81,4,1547017368
user_7,95,4,1663280234
user_7,84,3,1473545594
user_7,10,2,1696750439
user_7,116,4,1441144057
user_7,36,5,1548971145
user_7,73,4,1508347938
user_7,119,4,1514014409
user_7,92,5,1522719531
user_7,16,4,1591576656
user_7,28,5,1432464019
user_7,27,5,1468928965
user_7,41,3,1506075167
user_7,138,4,1437378924
user_7,117,3,1528506225
user_7,121,3,1613024157
user_7,105,1,1519255664
user_7,72,4,1444204485
user_7,109,4,1654654424
user_7,146,2,1526268239
user_8,143,3,1637676232
user_8,105,5,1680235469
user_8,108,3,1619405794
user_8,48,2,1422378872
user_8,96,4,1486048854
user_8,20,5,1456963052
user_8,52,3,1522133738
user_8,104,4,1557627139
user_8,138,5,1684407622
user_8,115,3,1674858254
user_8,51,5,1675182463
user_8,55,4,1613574714
user_8,25,4,1432365830
user_8,21,4,1507574757
user_8,31,4,1654145285
user_8,83,2,1636096827
user_8,99,5,1512589125
user_8,57,4,1586489440
user_8,69,3,1506539082
user_8,90,1,1597115429
user_8,89,4,1508154013
user_8,119,4,1449887759
user_8,107,1,1670216497
user_8,67,4,1558438484
user_9,133,3,1432699060
user_9,60,4,1485425889
user_9,68,3,1583345093
user_9,11,5,1544642905
user_9,34,4,1556149058
user_9,93,5,1561113140
user_9,116,2,1490607021
user_9,144,4,1420156548
user_9,105,2,1562520198
user_9,103,5,1671633344
user_9,46,5,1610195976
user_9,16,3,1511063157
user_9,111,4,1552000524
user_9,9,5,1666826136
user_9,29,4,1485240321
user_9,25,4,1490586819
user_9,98,3,1424173326
user_9,45,2,1666441493
user_9,109,5,1501362225
user_9,5,5,1641450647
user_9,110,4,1624875409
user_9,19,4,1624972719
user_9,135,4,1646934308
user_9,55,5,1610020203
user_10,63,5,1526562757
user_10,133,5,1649145614
user_10,90,5,1559084052
user_10,96,4,1594348942
user_10,31,2,1597850991
user_10,38,3,1611702013
user_10,47,5,1566490611
user_10,149,4,1616836341
user_10,77,1,1466251384
user_10,27,2,1597088801
user_10,95,4,1591274768
user_10,50,1,1525894307
user_10,125,3,1453269885
user_10,3,4,1428612398
user_10,122,5,1639477487
user_10,10,4,1459268930
user_10,75,3,1547204948
user_10,44,5,1516110796
user_10,82,3,1561236001
user_10,12,4,1482332583
user_10,111,5,1654986986
user_11,44,4,1485443862
user_11,121,5,1568288518
user_11,58,4,1565418321
user_11,49,4,1696825057
user_11,106,2,1581132311
user_11,8,4,1688564426
user_11,23,3,1568454573
user_11,62,3,1650254561
user_11,130,5,1573750156
user_11,145,4,1601354412
user_11,9,5,1651612612
user_11,29,4,1541577525
user_11,115,5,1515003360
user_11,132,4,1590189118
user_11,92,4,1422867404
user_11,5,4,1582345936
user_11,78,3,1648547641
user_11,107,5,1678140509
user_11,51,3,1687512178
user_11,133,1,1694602310
user_11,32,4,1503717332
user_11,13,3,1497121741
user_11,39,5,1596935300
user_11,85,5,1451654094
user_12,80,5,1589587050
user_12,31,4,1478625342
user_12,106,1,1463363390
user_12,107,5,1636960854
user_12,119,4,1628880923
user_12,71,5,1446610710
user_12,43,5,1629522672
user_12,88,5,1607478354
user_12,76,3,1678965747
user_12,65,4,1523406989
user_12,104,5,1435251805
user_12,133,3,1614124049
user_12,19,3,1697742660
user_12,64,4,1631019674
user_12,134,5,1548546939
user_12,62,5,1614783932
user_12,120,4,1458003325
user_12,126,2,1460412598
user_13,110,4,1557417943
user_13,79,5,1665877817
user_13,136,2,1533714456
user_13,147,4,1459454446
user_13,109,5,1513735079
user_13,120,5,1658856136
user_13,121,5,1571995764
user_13,44,5,1429449601
user_13,86,4,1495209134
user_13,29,3,1659688832
user_13,113,5,1491699357
user_13,10,5,1661037161
user_13,46,5,1652403066
user_13,117,5,1442672759
user_13,56,4,1573591234
user_13,71,4,1568769067
user_13,68,5,1570383327
user_13,114,4,1633953785
user_13,80,5,1501499904
user_13,19,5,1436941915
user_13,123,5,1548090843
user_13,116,4,1559867156
user_14,97,4,1591830729
user_14,49,2,1647198493
user_14,134,4,1595121639
user_14,64,1,1519373839
user_14,12,4,1657091438
user_14,42,4,1671075624
user_14,14,3,1684593738
user_14,5,4,1567206682
user_14,65,1,1642056284
user_14,110,1,1565686610
user_14,91,5,1431450318
user_14,60,4,1565407716
user_14,26,2,1652580762
user_14,75,4,1518361481
user_14,51,5,1700507815
user_14,121,3,1659462229
user_15,77,4,1584210263
user_15,138,2,1595937714
user_15,34,2,1685192113
user_15,1,4,1685093731
user_15,118,4,1602014048
user_15,74,4,1495244897
user_15,87,5,1654794542
user_15,95,5,1504218166
user_15,48,4,1520747448
user_15,40,4,1689516812
user_15,75,5,1632282841
user_15,94,3,1454642868
user_15,22,4,1631885638
user_15,112,2,1492538420
user_15,29,1,1424953923
user_15,145,5,1673456411
user_15,107,5,1688971553
user_15,14,5,1700074408
user_15,70,4,1664596275
user_15,129,3,1421013904
user_15,84,3,1659523563
user_15,64,3,1530911775
user_16,61,4,1611450979
user_16,149,5,1469951187
user_16,47,4,1597553499
user_16,128,3,1509481739
user_16,140,5,1702848006
user_16,147,5,1622933682
user_16,2,4,1672208069
user_16,14,4,1616459545
user_16,100,4,1653601724
user_16,18,3,1483829125
user_16,148,4,1642964907
user_16,29,5,1450349552
user_16,81,1,1551791847
user_16,65,2,1693116150
user_16,3,1,1643136575
user_17,42,1,1455395595
user_17,100,5,1632498031
user_17,81,5,1650682583
user_17,45,4,1532364551
user_17,67,2,1450387270
user_17,56,4,1489278196
user_17,118,4,1684431069
user_17,128,3,1548639323
user_17,17,4,1478094446
user_17,116,4,1613008358
user_17,33,4,1490530145
user_17,110,4,1527094176
user_17,150,1,1505221553
user_17,139,4,1612311909
user_17,27,4,1558168346
user_17,22,4,1590686643
user_17,11,5,1622964195
user_17,132,4,1544235074
user_17,32,3,1522019807
user_18,8,2,1647406347
user_18,100,4,1673266166
user_18,29,1,1504120531
user_18,134,4,1679751891
user_18,133,5,1623547954
user_18,98,4,1509018811
user_18,86,4,1651779058
user_18,24,4,1569500203
user_18,71,4,1538060261
user_18,37,4,1646624655
user_18,136,5,1675446662
user_18,66,4,1529368474
user_18,51,5,1546945997
user_18,64,5,1444012246
user_18,38,3,1511696657
user_18,90,2,1536522730
user_18,88,2,1581590293
user_18,57,1,1491279607
user_18,73,2,1500777639
user_18,94,5,1499480436
user_18,54,2,1549010112
user_18,149,3,1587648855
user_19,116,5,1441892666
user_19,35,1,1524946943
user_19,144,5,1482946608
user_19,105,3,1527799827
user_19,123,2,1436335316
user_19,31,5,1650814991
user_19,61,4,1551082256
user_19,131,5,1679026348
user_19,115,5,1665970874
user_19,44,5,1594118574
user_19,4,3,1619999433
user_19,89,3,1523923911
user_19,71,5,1550694192
user_19,55,5,1534684236
user_19,38,5,1506124806
user_19,25,4,1457466292
user_19,111,4,1656409947
user_19,82,5,1618992441
user_19,74,4,1514443746
user_19,22,5,1592480941
user_19,8,5,1456703891
user_20,127,4,1590596681
user_20,1,5,1472209615
user_20,61,5,1687787295
user_20,112,2,1579591910
user_20,20,5,1494068698
user_20,41,4,1476295050
user_20,133,5,1526075271
user_20,72,4,1606292052
user_20,103,5,1472373324
user_20,58,4,1575976774
user_20,19,1,1571685356
user_20,50,5,1536455509
user_20,85,2,1666487655
user_20,77,4,1622477398
user_20,128,5,1520521029
user_20,21,5,1555651200
user_21,120,4,1629364034
user_21,18,4,1576101744
user_21,146,4,1636067863
user_21,83,3,1489488778
user_21,63,4,1602890160
user_21,138,4,1669980286
user_21,77,5,1579102501
user_21,60,5,1623478945
user_21,44,5,1681064402
user_21,62,2,1581824341
user_21,101,4,1683496923
user_21,76,2,1589116306
user_21,102,4,1519937627
user_21,105,4,1636491917
user_21,148,5,1651435950
user_22,98,4,1469566206
user_22,71,2,1484889964
user_22,30,2,1455741140
user_22,150,5,1583200364
user_22,33,4,1617640494
user_22,80,2,1631867153
user_22,6,2,1511210360
user_22,127,5,1594314121
user_22,29,2,1459553731
user_22,24,5,1492132026
user_22,55,5,1669038296
user_22,116,2,1679803892
user_22,120,2,1664541870
user_22,83,5,1692964617
user_22,67,4,1576978466
user_22,61,4,1682401693
user_22,134,5,1571331249
user_22,51,5,1674281544
user_22,92,5,1435680661
user_23,11,5,1695534801
user_23,19,4,1432035284
user_23,57,2,1629986642
user_23,17,5,1547964481
user_23,14,4,1534928292
user_23,62,4,1478417849
user_23,86,5,1499825997
user_23,131,2,1683111672
user_23,96,4,1550661271
user_23,95,1,1474185803
user_23,105,4,1468506246
user_23,73,2,1533726221
user_23,120,2,1501752149
user_23,34,2,1525244137
user_23,24,4,1642675516
user_23,140,5,1623372344
user_23,137,4,1475962731
user_24,132,5,1510181892
user_24,21,4,1529469395
user_24,85,3,1500939021
user_24,15,5,1522923321
user_24,14,3,1693985560
user_24,72,5,1422411778
user_24,150,1,1535724975
user_24,50,5,1577241598
user_24,8,1,1592485991
user_24,98,5,1607723497
user_24,7,4,1700620287
user_24,23,5,1430342887
user_24,24,2,1670463709
user_24,11,4,1655554395
user_24,105,5,1696438358
user_24,6,4,1633553138
user_24,91,4,1483547837
user_24,116,5,1698651104
user_24,148,4,1486756021
user_24,56,4,1678505823
user_25,136,4,1593864448
user_25,101,5,1527683564
user_25,145,1,1676606799
user_25,137,3,1514503105
user_25,108,5,1446120347
user_25,130,5,1448660496
user_25,100,4,1671568494
user_25,86,4,1449353740
user_25,3,3,1683740415
user_25,92,3,1529140339
user_25,20,4,1479757750
user_25,33,4,1472553516
user_25,129,4,1487973138
user_25,41,2,1590884586
user_25,23,5,1420803532
user_25,68,5,1609600056
user_26,22,5,1497901171
user_26,113,4,1543780703
user_26,129,3,1450594868
user_26,97,5,1606617493
user_26,42,5,1590953655
user_26,25,3,1641799251
user_26,53,5,1634398846
user_26,121,5,1678743523
user_26,148,5,1615505287
user_26,5,5,1695968843
user_26,141,4,1654683222
user_26,85,4,1510754397
user_26,125,5,1579214145
user_26,12,5,1497823618
user_26,11,1,1650049561
user_26,145,1,1432984019
user_26,83,4,1594210741
user_26,31,5,1529534977
user_27,16,5,1528983755
user_27,70,3,1507636855
user_27,141,4,1485582694
user_27,92,4,1487983842
user_27,145,5,1634215735
user_27,7,5,1594483872
user_27,32,5,1509236703
user_27,128,4,1671794466
user_27,107,4,1696838748
user_27,77,3,1588296193
user_27,24,2,1534417947
user_27,63,5,1688028650
user_27,88,5,1580947469
user_27,69,5,1451244958
user_27,132,5,1519813039
user_27,4,4,1563199772
user_27,13,5,1509191121
user_27,55,5,1565432492
user_27,139,5,1449344323
user_27,97,3,1648339737
user_27,100,4,1581653036
user_27,117,2,1666125923
user_28,71,5,1576201022
user_28,138,4,1493641234
user_28,68,3,1443733652
user_28,53,4,1605200325
user_28,132,4,1634012337
user_28,88,4,1441034414
user_28,129,2,1626875052
user_28,87,4,1664727368
user_28,134,4,1511130459
user_28,65,5,1443989154
user_28,116,4,1603717608
user_28,42,5,1620829934
user_28,115,4,1469588102
user_28,39,4,1437134635
user_28,135,5,1616948142
user_28,131,4,1687440522
user_29,40,2,1575293595
user_29,11,1,1659475721
user_29,41,5,1517702604
user_29,38,4,1488944558
user_29,85,5,1469719810
user_29,39,3,1558533432
user_29,129,2,1567094111
user_29,91,1,1651790817
user_29,48,4,1629835132
user_29,126,4,1655283341
user_29,49,4,1527176899
user_29,86,4,1653706153
user_29,34,5,1488297462
user_29,62,4,1424815170
user_29,47,4,1421919857
user_29,69,5,1479982420
user_29,116,4,1661377837
user_29,21,4,1618764760
user_29,14,5,1592770723
user_29,79,5,1502350934
user_30,74,2,1654363869
user_30,40,5,1599349125
user_30,98,4,1434929950
user_30,99,3,1527236549
user_30,129,4,1578511196
user_30,68,5,1537166808
user_30,49,4,1634420729
user_30,89,4,1498356573
user_30,146,4,1420445954
user_30,57,3,1520640620
user_30,124,2,1499140184
user_30,145,2,1571929794
user_30,41,2,1657640171
user_30,1,3,1616045842
user_30,15,2,1544406784
user_30,37,4,1526258885
user_30,43,3,1618472779
user_30,22,4,1457670585
user_30,29,5,1426528741
user_30,65,4,1473942960
user_30,80,4,1484907193
user_31,150,3,1444804865
user_31,133,3,1547941290
user_31,59,1,1611823344
user_31,125,3,1546293217
user_31,5,3,1513544832
user_31,84,3,1650681002
user_31,43,2,1502146909
user_31,134,2,1559374033
user_31,52,4,1701043457
user_31,148,3,1480459316
user_31,27,4,1541598118
user_31,127,4,1572604993
user_31,1,5,1528403590
user_31,104,1,1607543152
user_31,68,5,1493592619
user_31,85,4,1692750669
user_31,14,2,1572778492
user_31,96,5,1501073698
user_32,3,5,1602377338
user_32,135,2,1611109244
user_32,148,3,1476163353
user_32,92,5,1488207291
user_32,134,5,1631295309
user_32,141,3,1596624877
user_32,113,3,1516707278
user_32,26,4,1462857210
user_32,35,4,1586609812
user_32,8,4,1510997003
user_32,49,4,1506968854
user_32,136,4,1487189131
user_32,20,5,1521317311
user_32,104,1,1649524301
user_32,19,3,1634011703
user_32,114,5,1632574749
user_32,24,5,1441125989
user_32,129,4,1514970972
user_32,16,4,1566376478
user_32,74,2,1626239031
user_32,95,4,1655110832
user_32,29,4,1518031350
user_33,124,3,1530970826
user_33,112,3,1604086281
user_33,97,4,1672097598
user_33,90,1,1550650381
user_33,111,4,1518530705
user_33,143,3,1586557955
user_33,82,4,1601447135
user_33,9,2,1506164446
user_33,105,5,1700060677
user_33,47,4,1691180233
user_33,46,4,1539776211
user_33,22,5,1629594835
user_33,62,4,1533570368
user_33,7,2,1430835538
user_33,6,4,1483336949
user_33,81,4,1503146510
user_33,95,5,1529078784
user_33,79,4,1425843847
user_33,130,2,1577573107
user_33,14,3,1559168011
user_33,21,4,1612655032
user_34,31,4,1604583265
user_34,146,4,1461172733
user_34,9,4,1657950305
user_34,48,5,1599562740
user_34,147,4,1467690066
user_34,27,3,1521387346
user_34,33,2,1654303586
user_34,22,3,1426266986
user_34,24,3,1470403515
user_34,53,3,1516543123
user_34,69,3,1488876076
user_34,87,3,1436127057
user_34,55,3,1617662376
user_34,83,5,1635605253
user_34,21,2,1585577526
user_34,84,4,1447744819
user_34,104,4,1557675048
user_34,119,5,1595396157
user_34,111,2,1504265749
user_34,58,4,1437888603
user_34,75,5,1492472841
user_35,15,5,1443057180
user_35,137,5,1538139567
user_35,117,3,1425006986
user_35,122,3,1656992351
user_35,29,4,1700646024
user_35,142,5,1557396261
user_35,60,4,1672947441
user_35,131,4,1669692446
user_35,5,3,1548743826
user_35,118,5,1633739535
user_35,19,3,1638817551
user_35,80,4,1652178374
user_35,73,4,1595642980
user_35,102,4,1610680784
user_35,25,3,1697890367
user_35,57,2,1627180577
user_35,127,4,1520350568
user_35,30,3,1570703522
user_35,147,4,1570692193
user_35,141,3,1452238013
user_35,66,4,1616725448
user_35,95,4,1430771403
user_36,55,2,1658763582
user_36,7,4,1585090105
user_36,76,2,1591585409
user_36,86,2,1582913155
user_36,28,5,1581715860
user_36,130,4,1679130849
user_36,78,5,1486426136
user_36,52,3,1479046608
user_36,141,4,1628760685
user_36,42,5,1690374284
user_36,77,4,1644107117
user_36,67,4,1431856466
user_36,115,4,1455115327
user_36,148,4,1556887583
user_36,36,5,1551111318
user_36,71,5,1431536098
user_36,44,5,1675965965
user_36,89,2,1486046690
user_37,68,5,1452083283
user_37,119,5,1676951318
user_37,142,3,1642961919
user_37,28,2,1613813048
user_37,29,5,1433975338
user_37,97,4,1682196051
user_37,108,5,1599642777
user_37,51,2,1475166662
user_37,13,5,1610430443
user_37,86,3,1674651059
user_37,10,3,1495059906
user_37,148,3,1618946493
user_37,135,5,1531045790
user_37,134,4,1519999731
user_37,49,4,1461506843
user_37,19,4,1614194943
user_37,54,5,1426976080
user_37,63,4,1477479493
user_37,96,5,1460975454
user_38,15,4,1522221719
user_38,130,4,1433387021
user_38,84,4,1504671880
user_38,54,3,1635565564
user_38,85,5,1535012868
user_38,1,4,1637594560
user_38,122,3,1677784419
user_38,29,5,1689858306
user_38,28,4,1644695550
user_38,76,4,1564228179
user_38,131,5,1643365576
user_38,10,4,1483046429
user_38,34,2,1600011065
user_38,53,5,1595898219
user_38,2,4,1468221789
user_38,113,4,1502422619
user_38,77,2,1654606076
user_38,16,5,1483991841
user_38,11,4,1686229834
user_39,131,4,1565195093
user_39,3,5,1546286307
user_39,44,5,1649589468
user_39,99,3,1530242884
user_39,36,3,1479237673
user_39,147,3,1528363166
user_39,87,5,1609050868
user_39,33,1,1683955167
user_39,2,4,1641041056
user_39,31,5,1593271203
user_39,95,5,1587162736
user_39,149,4,1591870677
user_39,38,5,1684623250
user_39,125,2,1690410411
user_39,7,5,1683576095
user_40,129,2,1667453697
user_40,120,4,1501501878
user_40,24,5,1606590840
user_40,142,3,1615539246
user_40,5,3,1501895595
user_40,94,5,1432453926
user_40,70,5,1691215993
user_40,37,4,1645185602
user_40,112,5,1535342943
user_40,16,4,1462579797
user_40,115,3,1467299828
user_40,134,4,1467429264
user_40,59,3,1593910664
user_40,81,5,1471324781
user_40,49,4,1492559184
user_40,17,4,1503712697
user_40,92,4,1544114316
user_40,140,5,1598764124
user_41,130,3,1585555977
user_41,80,4,1548771498
user_41,17,4,1463991335
user_41,122,4,1534922706
user_41,116,1,1633511263
user_41,16,5,1458038672
user_41,134,5,1445746841
user_41,112,4,1551094742
user_41,23,5,1479541043
user_41,90,5,1539740134
user_41,76,5,1483571628
user_41,44,3,1624845865
user_41,75,4,1470513980
user_41,46,4,1490727290
user_41,61,4,1637277511
user_41,45,5,1442898475
user_41,85,5,1424696368
user_42,115,5,1651843147
user_42,25,4,1571000390
user_42,57,2,1606919094
user_42,55,5,1583427951
user_42,125,5,1496596976
user_42,30,2,1596724142
user_42,96,5,1702204333
user_42,118,5,1600424145
user_42,12,4,1457320926
user_42,79,4,1640522126
user_42,59,4,1574139158
user_42,73,2,1620231831
user_42,146,4,1635364142
user_42,27,5,1432719537
user_42,34,1,1646668581
user_42,43,4,1673102979
user_43,88,4,1513407931
user_43,145,4,1670227820
user_43,105,5,1491314271
user_43,89,4,1569256128
user_43,65,4,1610994732
user_43,29,5,1589434773
user_43,31,4,1669231985
user_43,45,3,1697749780
user_43,30,4,1606230896
user_43,94,2,1443156027
user_43,119,3,1478520893
user_43,25,4,1481819162
user_43,52,4,1672450265
user_43,128,5,1631117854
user_43,9,4,1518774453
user_43,118,4,1556207306
user_43,96,4,1511211394
user_43,107,1,1593308068
user_43,47,4,1632711848
user_44,77,3,1539485700
user_44,11,5,1641315899
user_44,29,2,1591055040
user_44,24,4,1556997415
user_44,139,2,1426738301
user_44,45,5,1578198107
user_44,91,4,1431262345
user_44,92,4,1530722000
user_44,114,2,1573739370
user_44,34,5,1492973264
user_44,101,3,1609369664
user_44,15,5,1644430571
user_44,148,3,1684074307
user_44,63,3,1455505169
user_44,4,1,1596041460
user_44,99,4,1515607683
user_44,149,4,1525635916
user_44,43,2,1496678384
user_44,17,5,1538124454
user_44,104,4,1558541313
user_44,125,4,1633736134
user_44,7,4,1475289100
user_44,69,4,1502270342
user_44,38,4,1611626608
user_44,5,3,1674003104
user_45,45,3,1603998326
user_45,42,5,1499271165
user_45,136,5,1511619364
user_45,141,4,1673488678
user_45,20,3,1434625516
user_45,58,4,1683908966
user_45,72,4,1519851165
user_45,113,1,1610414404
user_45,13,3,1693220522
user_45,134,5,1559292651
user_45,55,4,1496613101
user_45,89,1,1589642204
user_45,19,3,1462271617
user_45,93,3,1569168000
user_45,61,4,1617111353
user_45,142,1,1441788604
user_45,116,2,1561496622
user_45,130,5,1542198300
user_45,49,3,1689860815
user_45,81,4,1605908060
user_45,103,3,1536982147
user_46,10,2,1494950147
user_46,134,3,1606396656
user_46,16,5,1689507984
user_46,92,5,1577722508
user_46,129,5,1683444611
user_46,141,4,1580474679
user_46,45,4,1611140881
user_46,148,3,1496196330
user_46,34,3,1575371212
user_46,71,5,1586881728
user_46,123,1,1456760961
user_46,50,2,1432990059
user_46,95,3,1497339425
user_46,73,1,1435635044
user_46,142,3,1480977420
user_46,21,4,1626742968
user_46,140,4,1686333815
user_46,135,5,1610386108
user_46,125,5,1444912246
user_46,144,4,1511320375
user_46,136,3,1687325324
user_46,62,4,1661303641
user_46,86,4,1622403115
user_46,72,3,1676310275
user_46,46,4,1455832242
user_47,35,4,1665228709
user_47,96,4,1512030369
user_47,14,4,1678925827
user_47,114,3,1613896819
user_47,9,5,1676868153
user_47,32,5,1513193069
user_47,18,2,1426554461
user_47,50,5,1440407035
user_47,56,4,1568662068
user_47,45,5,1534940504
user_47,25,5,1430054122
user_47,148,4,1541880734
user_47,63,1,1450879764
user_47,118,3,1533998947
user_47,61,4,1614575426
user_47,131,4,1440833047
user_47,74,3,1442341462
user_48,10,2,1620440043
user_48,30,5,1547639449
user_48,33,5,1502104462
user_48,20,4,1576043330
user_48,127,3,1546089190
user_48,35,3,1450972619
user_48,84,1,1469850579
user_48,16,5,1514688641
user_48,93,2,1485350560
user_48,118,4,1561011255
user_48,116,3,1646840622
user_48,140,4,1642663019
user_48,128,4,1628912850
user_48,121,5,1569025198
user_48,79,3,1511235950
user_48,122,1,1514566055
user_48,29,2,1689890041
user_48,26,5,1654285623
user_48,72,5,1518831261
user_49,98,4,1578071616
user_49,136,4,1514537017
user_49,22,4,1589922067
user_49,19,3,1667721953
user_49,105,5,1461455450
user_49,122,4,1437359878
user_49,139,4,1646588542
user_49,38,4,1684330553
user_49,150,1,1650844591
user_49,64,3,1611653609
user_49,70,5,1670924325
user_49,115,2,1641937667
user_49,118,4,1596359973
user_49,101,3,1607306843
user_49,68,4,1568215319
user_49,95,3,1660448624
user_49,147,4,1460764387
user_49,99,5,1611284161
user_49,34,3,1645674283
user_49,112,4,1421851414
user_49,148,4,1423030272
user_49,24,4,1452917716
user_49,58,5,1562756425
user_50,101,5,1678952628
user_50,28,3,1677057459
user_50,59,1,1478329916
user_50,81,3,1690870703
user_50,1,4,1563178909
user_50,118,2,1514365626
user_50,15,4,1446974133
user_50,120,4,1443559929
user_50,70,4,1590041818
user_50,62,5,1427923847
user_50,94,2,1524207403
user_50,32,2,1688254942
user_50,86,5,1547061420
user_50,96,4,1457174690
user_50,67,5,1516507550
user_50,98,4,1507151590
user_50,92,3,1508324178
user_50,23,5,1503082566
user_50,128,5,1483266190
user_51,134,5,1680905904
user_51,74,3,1538632899
user_51,149,4,1539636765
user_51,10,4,1698201579
user_51,137,2,1560524441
user_51,103,5,1613365181
user_51,87,2,1489646502
user_51,41,5,1513181970
user_51,53,4,1677385935
user_51,13,3,1510667658
user_51,121,4,1614503882
user_51,44,5,1447612123
user_51,14,5,1518589021
user_51,38,5,1657969151
user_51,61,4,1595176383
user_51,64,5,1563336722
user_51,56,5,1650857294
user_51,142,3,1516995452
user_51,68,4,1686239612
user_51,86,3,1551822610
user_51,131,5,1506683384
user_51,96,5,1622182575
user_52,136,1,1519321534
user_52,84,5,1527968618
user_52,114,5,1681849101
user_52,93,3,1435475918
user_52,80,4,1567957262
user_52,46,5,1472362465
user_52,38,1,1570746784
user_52,106,5,1606818974
user_52,78,3,1684269914
user_52,140,5,1561847997
user_52,68,5,1591614181
user_52,113,5,1641517859
user_52,16,4,1583511467
user_52,83,5,1441389194
user_52,149,5,1590095100
user_52,39,4,1654939054
user_52,62,5,1519480538
user_52,112,1,1604587054
user_52,77,4,1677207173
user_53,41,3,1579320672
user_53,148,2,1645382421
user_53,12,2,1679289055
user_53,87,5,1432047803
user_53,97,4,1619015768
user_53,82,5,1434281547
user_53,83,2,1697216656
user_53,31,3,1614157673
user_53,90,4,1671720440
user_53,89,5,1669862025
user_53,73,3,1658415133
user_53,80,4,1636225797
user_53,108,5,1542017279
user_53,1,4,1571570234
user_53,15,3,1679091789
user_53,42,1,1483530537
user_53,134,5,1666397021
user_53,29,1,1509460636
user_53,143,5,1427589854
user_53,3,4,1438835612
user_53,5,5,1684933891
user_53,43,5,1648174433
user_54,24,5,1490270816
user_54,139,4,1628057382
user_54,6,5,1641343499
user_54,50,4,1448233506
user_54,11,4,1676616996
user_54,116,4,1572104673
user_54,49,5,1505259197
user_54,70,5,1655822057
user_54,58,5,1472728637
user_54,145,4,1591256588
user_54,42,4,1613741191
user_54,144,5,1611196951
user_54,111,3,1503249352
user_54,127,2,1536890903
user_54,93,4,1461740096
user_54,109,3,1545054127
user_55,97,3,1533492907
user_55,102,3,1582014720
user_55,142,1,1439909915
user_55,85,1,1685108702
user_55,91,5,1526331742
user_55,76,4,1571120998
user_55,143,4,1420898876
user_55,126,4,1450650455
user_55,7,3,1655333404
user_55,125,5,1561158469
user_55,9,5,1443354367
user_55,123,2,1433956480
user_55,74,4,1477773124
user_55,50,5,1552435087
user_55,17,5,1703024998
user_55,103,4,1645858024
user_55,90,4,1576445840
user_55,59,3,1537620795
user_55,28,5,1449994509
user_55,5,3,1689809011
user_55,12,5,1627308565
user_55,81,4,1448308176
user_55,114,4,1689829309
user_55,99,4,1522959129
user_56,95,3,1461009805
user_56,76,3,1435316917
user_56,121,3,1421659663
user_56,119,3,1621434302
user_56,88,5,1611674027
user_56,78,4,1651636053
user_56,82,2,1664003693
user_56,150,5,1523974512
user_56,25,5,1599087253
user_56,91,5,1531296496
user_56,86,5,1537835336
user_56,34,3,1647220533
user_56,139,4,1428947628
user_56,147,5,1641186319
user_56,149,5,1553869742
user_56,9,3,1524219290
user_57,112,5,1632289544
user_57,23,3,1653027349
user_57,84,3,1672168076
user_57,148,4,1511257709
user_57,140,4,1428411034
user_57,128,4,1427475419
user_57,99,2,1485763815
user_57,52,5,1546457841
user_57,48,3,1557688898
user_57,45,2,1625292744
user_57,113,5,1466602412
user_57,13,5,1426235197
user_57,28,5,1493820797
user_57,138,5,1686539057
user_57,105,4,1523138552
user_58,88,4,1602832939
user_58,87,2,1568585058
user_58,50,4,1684850743
user_58,44,4,1516677920
user_58,125,3,1468549595
user_58,131,5,1643089223
user_58,55,4,1543450109
user_58,148,2,1552662247
user_58,58,3,1543373001
user_58,93,5,1638398846
user_58,107,2,1619012855
user_58,28,5,1595776776
user_58,11,4,1547720392
user_58,5,4,1682507627
user_58,46,4,1492856005
user_58,63,5,1604637907
user_58,31,4,1583503091
user_58,19,4,1620662460
user_58,147,4,1465332492
user_58,12,3,1488755086
user_58,146,5,1450468434
user_59,80,5,1626956716
user_59,84,4,1506380947
user_59,27,5,1530101422
user_59,103,5,1451656766
user_59,58,5,1430247093
user_59,104,5,1600578882
user_59,57,5,1500922857
user_59,111,4,1622238841
user_59,117,4,1580781064
user_59,67,5,1690347220
user_59,6,3,1436311083
user_59,54,5,1499873517
user_59,48,5,1590199638
user_59,102,1,1608054168
user_59,93,5,1447621535
user_59,72,2,1454890226
user_59,13,4,1569431883
user_59,130,5,1607026018
user_59,11,3,1544051573
user_59,85,5,1653748558
user_59,47,5,1420934586
user_59,50,4,1600238362
user_59,98,1,1567522697
user_59,21,3,1526039128
user_60,76,4,1537087963
user_60,50,5,1538860353
user_60,35,4,1587935346
user_60,96,3,1472672514
user_60,68,4,1569327185
user_60,82,4,1687392262
user_60,106,5,1675207606
user_60,64,2,1564077187
user_60,19,5,1571563546
user_60,7,4,1422267054
user_60,73,5,1463354043
user_60,129,4,1630976792
user_60,67,4,1525454347
user_60,83,5,1430109130
user_60,30,2,1443902353
user_60,112,5,1697494125
user_60,135,5,1670155649
user_60,63,2,1590026793
user_60,43,3,1621607734
user_60,108,5,1468112430
user_60,24,2,1466381353
user_60,4,4,1458724605
user_60,70,4,1460866880
user_60,100,4,1659180262
user_61,120,1,1683919170
user_61,80,5,1505109118
user_61,7,5,1527275481
user_61,66,5,1602819983
user_61,13,5,1590533544
user_61,99,2,1579098829
user_61,141,5,1420367417
user_61,109,1,1480231755
user_61,102,1,1462499403
user_61,1,4,1422144205
user_61,32,4,1496401409
user_61,21,5,1686621401
user_61,6,5,1563762760
user_61,60,4,1505427378
user_61,145,3,1499207691
user_61,129,5,1629426137
user_61,113,4,1692547812
user_61,112,4,1637802629
user_61,116,3,1471372993
user_62,85,5,1570851273
user_62,83,5,1694134124
user_62,69,3,1520996114
user_62,97,2,1608660156
user_62,118,4,1680045221
user_62,88,4,1640235472
user_62,146,3,1445731202
user_62,100,5,1559191730
user_62,103,3,1647385532
user_62,41,4,1646042828
user_62,129,5,1434187778
user_62,23,4,1509256738
user_62,34,4,1658684206
user_62,71,4,1523086866
user_62,19,3,1454225520
user_62,5,5,1553220396
user_62,62,4,1526394720
user_62,20,5,1434949758
user_62,142,3,1586763278
user_62,141,3,1487585746
user_62,76,1,1471252977
user_62,14,4,1685570421
user_62,134,4,1603418106
user_62,147,5,1657662785
user_63,120,4,1702036687
user_63,59,5,1632042422
user_63,45,3,1642592529
user_63,116,5,1516772412
user_63,42,5,1489825735
user_63,75,5,1437277589
user_63,34,5,1438054509
user_63,143,5,1631585782
user_63,91,4,1482706595
user_63,144,2,1590595281
user_63,1,1,1655297796
user_63,107,5,1470102944
user_63,50,4,1423294845
user_63,25,5,1444472574
user_63,32,4,1671191809
user_63,47,2,1453590708
user_63,114,2,1517608331
user_63,138,5,1690831142
user_63,81,4,1697347866
user_64,13,3,1420679527
user_64,11,4,1423514669
user_64,21,2,1479970295
user_64,113,4,1559300435
user_64,145,3,1653430491
user_64,1,5,1488473667
user_64,137,3,1670536078
user_64,130,4,1551158055
user_64,109,1,1574124767
user_64,149,2,1587948232
user_64,9,4,1670723342
user_64,121,4,1511868282
user_64,2,4,1432824720
user_64,94,3,1559022336
user_64,34,5,1477940810
user_64,68,5,1650265566
user_64,8,5,1505629391
user_64,49,1,1604876312
user_64,139,4,1698101920
user_64,52,2,1431542195
user_64,32,3,1437022019
user_64,150,5,1519376013
user_64,74,2,1611744059
user_65,106,4,1473155765
user_65,129,4,1660829759
user_65,74,5,1601899950
user_65,16,4,1610893808
user_65,141,1,1464309030
user_65,98,4,1598509169
user_65,89,4,1693959981
user_65,4,2,1659228537
user_65,42,4,1565390719
user_65,36,1,1476502435
user_65,77,2,1590198004
user_65,68,4,1701803418
user_65,24,2,1681812986
user_65,18,4,1490961124
user_65,56,5,1680841190
user_65,52,5,1562200591
user_65,67,3,1600581521
user_65,137,3,1541903441
user_65,82,2,1640962255
user_65,115,4,1596587670
user_65,14,5,1676106392
user_65,85,1,1466963165
user_65,145,5,1420910668
user_65,22,2,1578697572
user_65,100,4,1665919469
user_66,41,5,1685265929
user_66,121,5,1604696464
user_66,85,5,1568728826
user_66,14,5,1502589468
user_66,125,4,1562867658
user_66,20,5,1660450892
user_66,131,2,1543851761
user_66,25,5,1556135969
user_66,83,4,1567375435
user_66,1,5,1645108986
user_66,68,4,1554374502
user_66,119,4,1450457799
user_66,100,4,1477311392
user_66,48,5,1420176982
user_66,15,2,1434218307
user_66,87,2,1486761953
user_66,36,3,1685052521
user_66,7,3,1491295655
user_66,88,5,1453611262
user_66,124,3,1681075105
user_66,134,5,1692375926
user_66,40,4,1563964434
user_66,122,3,1674787538
user_67,1,5,1608388202
user_67,80,4,1499554504
user_67,70,4,1554941884
user_67,110,4,1672985065
user_67,95,5,1636100845
user_67,100,3,1580394402
user_67,47,5,1461797458
user_67,41,5,1568416349
user_67,32,4,1647140940
user_67,69,3,1623732502
user_67,44,4,1627003854
user_67,9,2,1533396892
user_67,87,1,1503003469
user_67,54,3,1679880550
user_67,138,4,1594372072
user_67,106,5,1437833267
user_67,79,5,1691301902
user_67,28,5,1434085665
user_67,137,4,1492609330
user_67,33,4,1434529990
user_67,61,4,1690410358
user_67,71,5,1548697772
user_68,45,1,1691578489
user_68,56,5,1653109068
user_68,117,4,1565593255
user_68,93,4,1420981063
user_68,10,5,1611049450
user_68,55,4,1502885309
user_68,48,5,1661631985
user_68,114,5,1650264572
user_68,131,4,1630567631
user_68,100,3,1681822296
user_68,39,4,1475004551
user_68,107,5,1549188428
user_68,141,3,1435456874
user_68,137,4,1454358913
user_68,46,4,1656762840
user_68,94,5,1521591393
user_68,69,2,1675039698
user_68,95,5,1693552642
user_68,122,5,1599152955
user_68,115,3,1423642481
user_68,25,3,1614213736
user_68,57,5,1687834877
user_68,3,3,1426528037
user_68,128,5,1631675678
user_69,90,4,1464289833
user_69,52,3,1517707564
user_69,89,5,1627695429
user_69,20,4,1421092540
user_69,69,4,1438924794
user_69,40,4,1536640913
user_69,77,4,1644510658
user_69,35,3,1595088234
user_69,114,4,1507356345
user_69,105,5,1487838628
user_69,126,3,1667623111
user_69,53,4,1603405927
user_69,138,4,1628019930
user_69,110,5,1498332324
user_69,150,2,1535927417
user_69,68,5,1428431127
user_69,61,4,1626333981
user_69,147,3,1464069638
user_69,36,2,1623744875
user_69,32,3,1583676348
user_69,98,4,1490706507
user_69,47,4,1599620559
user_69,107,5,1702848221
user_69,82,4,1563910915
user_70,124,3,1664782278
user_70,65,4,1561487453
user_70,80,5,1479976011
user_70,57,3,1422395791
user_70,21,3,1434634719
user_70,62,1,1700728275
user_70,88,5,1596171365
user_70,29,4,1681024433
user_70,39,4,1631426599
user_70,114,5,1439590359
user_70,148,5,1688996711
user_70,141,4,1619168506
user_70,139,5,1679075524
user_70,59,3,1463443386
user_70,142,2,1536660173
user_70,67,3,1524396444
user_70,16,2,1634506673
user_70,20,4,1420815821
user_70,18,5,1595915076
user_70,14,1,1617772638
user_70,144,2,1424173806
user_71,35,4,1616152300
user_71,44,5,1450083508
user_71,73,3,1612394477
user_71,110,4,1427213627
user_71,92,1,1517098751
user_71,52,2,1684819897
user_71,61,5,1588448408
user_71,27,5,1464862155
user_71,133,1,1686641855
user_71,56,5,1614174844
user_71,122,4,1611614480
user_71,121,5,1601994331
user_71,70,4,1599031400
user_71,62,4,1620776609
user_71,112,4,1640939467
user_71,120,4,1528689027
user_71,79,2,1512797703
user_72,84,1,1457979707
user_72,108,3,1574982918
user_72,33,5,1614029329
user_72,6,3,1462969692
user_72,56,4,1641457913
user_72,88,5,1476304272
user_72,139,2,1658614334
user_72,135,4,1519475358
user_72,114,4,1698261830
user_72,9,5,1562227224
user_72,23,3,1590125239
user_72,13,5,1567014072
user_72,105,5,1540550581
user_72,134,5,1663850916
user_72,26,5,1470103119
user_73,124,4,1635353720
user_73,28,4,1649929911
user_73,5,5,1670179278
user_73,25,4,1590774199
user_73,114,1,1697098596
user_73,36,5,1485054363
user_73,85,5,1516493058
user_73,139,4,1667179937
user_73,93,3,1462987227
user_73,8,4,1682189674
user_73,4,4,1510024561
user_73,87,4,1536897187
user_73,23,2,1534369429
user_73,65,4,1485340305
user_73,137,5,1513524598
user_73,120,1,1618560876
user_73,108,5,1486999050
user_73,26,4,1537136568
user_74,141,5,1472741166
user_74,66,5,1645015199
user_74,18,4,1568722558
user_74,42,5,1583256590
user_74,53,5,1459561062
user_74,105,4,1484593598
user_74,98,4,1618231602
user_74,5,4,1673601764
user_74,30,5,1697904472
user_74,82,5,1691238278
user_74,17,5,1631720828
user_74,125,4,1527837564
user_74,126,5,1462509572
user_74,84,2,1428418125
user_74,123,4,1654598022
user_74,3,1,1432816882
user_74,60,4,1645226226
user_74,13,4,1680511108
user_74,67,4,1682347717
user_74,52,5,1619351603
user_74,113,4,1625764847
user_74,69,4,1651087833
user_74,71,3,1585730166
user_74,31,4,1568030022
user_75,41,3,1458582317
user_75,84,2,1635164288
user_75,135,4,1669868117
user_75,149,4,1616722753
user_75,43,4,1481479859
user_75,36,4,1557392234
user_75,29,4,1482096410
user_75,65,5,1692035072
user_75,121,4,1637268587
user_75,147,4,1508334808
user_75,143,1,1479871981
user_75,139,4,1555281647
user_75,45,4,1570502564
user_75,70,4,1534145795
user_75,44,4,1556623781
user_75,8,4,1546534423
user_75,146,4,1577919503
user_75,24,5,1432051537
user_75,112,5,1697865567
user_75,66,5,1680283733
user_75,22,5,1550784097
user_75,71,1,1552571785
user_75,103,3,1640880962
user_75,95,1,1661925508
user_76,11,4,1548966920
user_76,91,5,1643974787
user_76,31,3,1548549467
user_76,147,5,1592902172
user_76,106,2,1567797762
user_76,38,5,1671506115
user_76,29,4,1426726168
user_76,78,2,1455978284
user_76,49,4,1478495331
user_76,132,3,1476632784
user_76,138,3,1697010128
user_76,140,3,1575263010
user_76,131,5,1654304305
user_76,71,4,1464536182
user_76,25,3,1553304056
user_76,81,4,1441739123
user_76,105,5,1683227310
user_76,61,3,1584583254
user_76,51,4,1498629757
user_76,19,2,1670039870
user_76,82,3,1586007188
user_76,5,4,1426190111
user_77,9,3,1528275080
user_77,22,4,1673138266
user_77,18,5,1628064186
user_77,12,2,1681823401
user_77,32,4,1576512379
user_77,3,3,1537073616
user_77,112,5,1650366497
user_77,138,4,1519557981
user_77,83,5,1543015802
user_77,118,4,1482351176
user_77,2,1,1694316924
user_77,135,4,1432586394
user_77,68,5,1505812786
user_77,59,4,1458868001
user_77,144,5,1627255798
user_77,71,5,1682971808
user_78,83,3,1431010986
user_78,138,3,1443545149
user_78,40,4,1694911350
user_78,86,4,1644673576
user_78,44,5,1473439550
user_78,38,5,1642828335
user_78,124,4,1466656491
user_78,139,3,1645154857
user_78,57,5,1618897688
user_78,50,3,1606421741
user_78,18,5,1690935823
user_78,11,4,1635493595
user_78,125,4,1476056177
user_78,85,2,1574254577
user_78,3,4,1484010324
user_78,148,4,1602899157
user_78,121,4,1658752401
user_78,134,3,1548297151
user_78,76,5,1645921468
user_78,123,5,1493430140
user_78,87,3,1596795344
user_79,112,2,1606727356
user_79,116,1,1553453726
user_79,2,4,1566610546
user_79,36,4,1438245256
user_79,72,4,1671399207
user_79,50,3,1491597480
user_79,100,4,1672611169
user_79,120,4,1596795819
user_79,74,4,1577277769
user_79,71,5,1425638360
user_79,28,2,1444631297
user_79,137,5,1646300123
user_79,146,4,1650444460
user_79,25,4,1529697293
user_79,38,5,1549111459
user_80,134,5,1583808998
user_80,126,5,1516173470
user_80,125,2,1505154727
user_80,36,2,1490793537
user_80,90,5,1468599471
user_80,146,4,1612185946
user_80,3,3,1612926912
user_80,107,2,1671469714
user_80,48,2,1628509958
user_80,66,5,1580004813
user_80,128,3,1505874225
user_80,49,4,1481406529
user_80,13,3,1608326130
user_80,145,4,1669468982
user_80,118,2,1480934666
user_80,137,4,1654579030
user_80,148,2,1422391783
user_80,84,5,1669519265
user_80,15,3,1554299920
user_80,109,4,1560877455
user_80,133,5,1489330447
user_81,134,4,1635862308
user_81,34,4,1625725082
user_81,118,4,1672338325
user_81,88,4,1494043319
user_81,125,4,1693408131
user_81,31,5,1542443300
user_81,115,4,1468374466
user_81,4,4,1702055599
user_81,112,5,1441424308
user_81,82,4,1462656376
user_81,77,2,1458481354
user_81,44,4,1512556015
user_81,142,5,1467576944
user_81,100,3,1451554094
user_81,36,5,1579787513
user_81,108,3,1475821195
user_81,64,4,1560930324
user_81,33,2,1490502636
user_81,35,4,1627829084
user_82,42,5,1623132944
user_82,23,4,1470703057
user_82,141,4,1697621125
user_82,9,5,1463231678
user_82,149,5,1638523979
user_82,7,3,1679763376
user_82,123,4,1505852872
user_82,110,3,1523007106
user_82,115,5,1647994116
user_82,143,5,1591263625
user_82,11,4,1424002731
user_82,66,5,1543718493
user_82,20,4,1604788867
user_82,112,4,1610105498
user_82,35,2,1659301115
user_82,29,5,1656589520
user_82,60,2,1481057396
user_83,6,5,1694109656
user_83,13,5,1583066702
user_83,133,5,1635932793
user_83,60,1,1461806133
user_83,93,3,1511978611
user_83,123,3,1510999249
user_83,79,4,1674877665
user_83,111,2,1683904083
user_83,125,5,1592007350
user_83,31,4,1542744177
user_83,105,3,1587165383
user_83,114,4,1514369659
user_83,14,4,1697021269
user_83,115,4,1462819803
user_83,74,4,1685248696
user_83,90,5,1538834332
user_83,24,4,1554772147
user_83,63,5,1447266808
user_83,80,5,1621275340
user_84,10,3,1550918564
user_84,31,5,1671238968
user_84,71,2,1503338695
user_84,135,5,1554020691
user_84,60,4,1606070527
user_84,141,5,1502223727
user_84,150,5,1616908130
user_84,38,5,1498994462
user_84,113,5,1480092368
user_84,42,3,1550155651
user_84,30,2,1630784757
user_84,1,4,1580122428
user_84,64,3,1496472300
user_84,81,5,1512953277
user_84,143,4,1428889363
user_84,118,5,1423534379
user_84,7,4,1559901762
user_84,54,5,1443681196
user_84,17,2,1543296200
user_85,150,5,1542243485
user_85,93,5,1431396782
user_85,123,4,1692874252
user_85,45,4,1582361585
user_85,108,5,1489910621
user_85,84,3,1663724262
user_85,133,4,1430922863
user_85,142,4,1637667860
user_85,105,2,1659664141
user_85,59,4,1429497143
user_85,26,2,1424283570
user_85,76,1,1436054126
user_85,114,2,1546752926
user_85,120,5,1480289914
user_85,71,4,1633740627
user_85,48,5,1471170673
user_85,8,4,1427010722
user_85,78,3,1660174838
user_85,40,4,1474191935
user_86,4,4,1552117026
user_86,100,2,1585035351
user_86,64,4,1472675455
user_86,2,3,1589070736
user_86,139,4,1642979921
user_86,23,4,1668692392
user_86,123,3,1702755100
user_86,110,2,1564912043
user_86,67,5,1624691348
user_86,97,4,1570416903
user_86,3,2,1606576166
user_86,101,5,1699169065
user_86,83,2,1542769190
user_86,71,5,1641817663
user_86,111,5,1603625639
user_86,114,3,1568016606
user_86,77,2,1425728680
user_86,130,2,1678490929
user_86,44,3,1506086232
user_86,87,2,1514210916
user_86,106,5,1619263104
user_86,6,2,1421856932
user_86,102,4,1601882010
user_86,135,5,1530306485
user_86,145,5,1664013129
user_87,148,4,1573161221
user_87,140,3,1421654332
user_87,7,4,1568921336
user_87,64,4,1588824212
user_87,24,4,1588162091
user_87,8,2,1432696353
user_87,68,5,1616522557
user_87,75,4,1585415897
user_87,97,3,1466096446
user_87,90,4,1431234325
user_87,124,4,1602972216
user_87,141,5,1522411955
user_87,106,5,1695441089
user_87,23,5,1495863611
user_87,123,1,1566157901
user_87,45,4,1526348491
user_88,97,4,1513176929
user_88,110,1,1541545398
user_88,78,3,1598178886
user_88,111,5,1594604150
user_88,28,2,1603547251
user_88,116,4,1474743383
user_88,80,3,1437655759
user_88,21,1,1521899198
user_88,67,3,1455747222
user_88,119,5,1665665832
user_88,48,5,1498119742
user_88,121,5,1434653800
user_88,144,4,1580362787
user_88,6,2,1508398268
user_88,54,4,1630890685
user_89,79,4,1497959486
user_89,143,5,1617864829
user_89,141,2,1448424234
user_89,132,4,1629408635
user_89,139,3,1687086012
user_89,149,4,1561880669
user_89,147,5,1564925252
user_89,44,4,1553155552
user_89,49,4,1542338429
user_89,115,4,1540197673
user_89,146,4,1645632771
user_89,5,5,1580011449
user_89,96,5,1669367402
user_89,23,5,1606415203
user_89,37,5,1599855936
user_89,73,3,1644369420
user_89,100,5,1507001383
user_89,99,4,1692980371
user_89,101,3,1484191389
user_89,30,5,1522891763
user_89,12,1,1546952109
user_89,52,5,1642880118
user_89,106,4,1465787263
user_90,18,4,1531342082
user_90,51,4,1665599052
user_90,116,5,1653959540
user_90,108,4,1487570248
user_90,127,4,1457821364
user_90,55,2,1476651894
user_90,23,4,1703905196
user_90,44,3,1524578134
user_90,99,5,1600252076
user_90,47,4,1572861446
user_90,94,4,1435691814
user_90,7,1,1514460935
user_90,5,2,1642479407
user_90,128,5,1658247102
user_90,115,2,1480543134
user_90,74,2,1646626627
user_90,62,1,1480395518
user_90,66,5,1636300443
user_90,104,5,1573963494
user_90,76,4,1619719771
user_90,19,3,1691566325
user_90,114,4,1427648477
user_91,43,5,1619065324
user_91,150,4,1675284619
user_91,119,3,1494234281
user_91,70,3,1550375707
user_91,56,2,1662232283
user_91,28,4,1460564826
user_91,149,5,1461479250
user_91,79,3,1518607380
user_91,109,1,1638514181
user_91,68,2,1666088079
user_91,112,5,1632178724
user_91,132,3,1473195359
user_91,89,5,1697359260
user_91,66,4,1652243827
user_91,21,4,1660270280
user_91,47,3,1603170953
user_91,12,2,1430583564
user_91,83,4,1599414497
user_91,133,5,1670083635
user_91,87,4,1570966472
user_91,69,4,1591396401
user_91,134,1,1606169322
user_91,53,5,1440744725
user_92,32,5,1478421843
user_92,35,3,1673965412
user_92,60,5,1583029494
user_92,92,4,1578039145
user_92,16,4,1445353517
user_92,107,5,1509560636
user_92,108,5,1434326419
user_92,146,4,1686759254
user_92,8,2,1607011313
user_92,127,4,1506801805
user_92,41,5,1537673960
user_92,19,3,1542544439
user_92,136,4,1680162169
user_92,56,4,1548403969
user_92,7,4,1612506902
user_92,118,4,1514816593
user_92,150,5,1665926940
user_92,61,3,1561424463
user_92,5,2,1669288305
user_92,126,3,1422804162
user_92,45,5,1531924272
user_92,120,4,1446087478
user_92,67,3,1537877104
user_92,63,5,1542747763
user_92,87,5,1448025282
user_93,32,5,1593389731
user_93,121,5,1621705133
user_93,80,3,1581297966
user_93,106,5,1578324334
user_93,143,4,1648563145
user_93,144,5,1445297444
user_93,9,5,1679598341
user_93,141,5,1501741018
user_93,38,4,1680653549
user_93,29,3,1490689408
user_93,130,4,1450256254
user_93,101,5,1651626569
user_93,10,5,1517683408
user_93,146,1,1640866114
user_93,102,3,1600385599
user_93,89,2,1660487414
user_93,33,5,1635187768
user_93,63,5,1681135318
user_93,64,3,1665944626
user_93,17,4,1543461078
user_93,35,5,1437196630
user_93,18,5,1511543428
user_94,23,4,1692746977
user_94,130,4,1586638241
user_94,43,4,1426299291
user_94,70,3,1494246198
user_94,76,4,1657433270
user_94,28,5,1482851398
user_94,25,5,1627029586
user_94,88,4,1575972598
user_94,24,5,1426852951
user_94,63,3,1673040693
user_94,93,4,1593080977
user_94,29,1,1641710658
user_94,22,3,1423239752
user_94,15,5,1619256500
user_94,145,5,1560587677
user_94,147,2,1618826963
user_94,38,4,1421964483
user_94,37,5,1559012045
user_94,13,3,1691851803
user_94,17,4,1517105423
user_94,66,5,1479839287
user_94,126,4,1652629625
user_94,40,3,1480222629
user_94,94,4,1454819594
user_95,134,5,1599598558
user_95,63,4,1641731047
user_95,3,1,1642950699
user_95,84,5,1685800433
user_95,75,1,1653561405
user_95,147,5,1508816561
user_95,33,3,1625093444
user_95,43,5,1560822247
user_95,94,4,1599805766
user_95,37,4,1625012977
user_95,140,2,1678156844
user_95,71,3,1566312990
user_95,124,5,1485973297
user_95,32,5,1641884728
user_95,42,4,1583353642
user_95,25,4,1480691044
user_95,19,5,1466424201
user_95,54,5,1490079532
user_95,93,4,1649977698
user_95,18,4,1533894503
user_95,65,4,1577894387
user_95,17,5,1575258402
user_95,92,1,1459271875
user_95,78,4,1702421376
user_95,8,4,1614504633
user_96,110,5,1550079361
user_96,149,2,1610748704
user_96,80,4,1624799750
user_96,24,4,1431828353
user_96,29,4,1536514492
user_96,143,2,1537263228
user_96,14,4,1428846699
user_96,96,4,1450144428
user_96,27,4,1555789268
user_96,103,4,1603044542
user_96,79,4,1636266995
user_96,59,5,1536694554
user_96,113,3,1692541261
user_96,5,5,1580362475
user_96,10,4,1568267913
user_96,75,2,1700683997
user_96,6,2,1597738322
user_97,135,4,1619997729
user_97,14,5,1615031241
user_97,108,5,1554271214
user_97,105,5,1427633978
user_97,93,4,1604601855
user_97,114,4,1655472260
user_97,131,2,1593268979
user_97,104,4,1554886419
user_97,95,4,1615708824
user_97,23,2,1572985537
user_97,49,3,1494426296
user_97,144,4,1450551073
user_97,121,5,1458925645
user_97,25,5,1590712784
user_97,54,5,1696755413
user_98,138,4,1511384320
user_98,22,4,1667443570
user_98,54,4,1669609493
user_98,111,5,1561260333
user_98,121,2,1674454362
user_98,147,4,1663725655
user_98,28,5,1582618470
user_98,144,4,1565352258
user_98,97,4,1668404755
user_98,115,4,1597400254
user_98,9,3,1561056195
user_98,88,4,1428156416
user_98,99,4,1646426665
user_98,71,1,1491186550
user_98,59,1,1630348136
user_99,21,5,1510587123
user_99,40,3,1702946391
user_99,36,4,1433164584
user_99,61,3,1696142817
user_99,120,5,1527321625
user_99,125,3,1490722890
user_99,45,4,1677778779
user_99,89,5,1564213739
user_99,31,5,1432249104
user_99,138,3,1647416437
user_99,76,5,1660384921
user_99,72,4,1560091813
user_99,10,4,1625100285
user_99,48,2,1691033423
user_99,86,2,1695587761
user_99,119,5,1431115605
user_100,6,4,1435637213
user_100,132,4,1579107533
user_100,43,5,1542378218
user_100,48,5,1493082412
user_100,97,3,1651040118
user_100,95,4,1506366207
user_100,127,2,1689438389
user_100,17,5,1633735791
user_100,92,4,1507340325
user_100,30,5,1482522443
user_100,143,2,1677506324
user_100,4,2,1502845846
user_100,88,3,1682463865
user_100,90,3,1583136310
user_100,61,3,1538514967
user_100,87,5,1529044202
user_100,83,3,1577825913
user_100,15,3,1482157205
user_100,120,5,1543066732
user_100,2,4,1592629764
user_101,130,5,1486644534
user_101,9,2,1513948544
user_101,31,4,1666104729
user_101,71,1,1616689071
user_101,123,2,1605949812
user_101,2,5,1478853377
user_101,88,2,1524821169
user_101,41,4,1575312546
user_101,93,4,1530458582
user_101,36,4,1702357970
user_101,109,5,1539367893
user_101,76,1,1460027560
user_101,44,4,1653404472
user_101,99,5,1688834253
user_101,32,4,1620512257
user_101,5,5,1675140834
user_101,108,2,1554038538
